{"cam/image_array":"529_cam-image_array_.jpg","user/throttle":0.30000001192092898,"user/angle":-0.00741649279370904,"user/mode":"user","track/lap":0,"track/loc":6}