{"cam/image_array":"72_cam-image_array_.jpg","user/throttle":0.30000001192092898,"user/angle":0.029685907065868379,"user/mode":"user","track/lap":0,"track/loc":0}