{"cam/image_array":"17_cam-image_array_.jpg","user/throttle":0.30000001192092898,"user/angle":-0.003290844149887562,"user/mode":"user","track/lap":0,"track/loc":0}