{"cam/image_array":"119_cam-image_array_.jpg","user/throttle":0.30000001192092898,"user/angle":-0.004448509309440851,"user/mode":"user","track/lap":0,"track/loc":1}