{"cam/image_array":"277_cam-image_array_.jpg","user/throttle":0.30000001192092898,"user/angle":-0.005808913614600897,"user/mode":"user","track/lap":0,"track/loc":3}