{"cam/image_array":"111_cam-image_array_.jpg","user/throttle":0.30000001192092898,"user/angle":0.024121711030602456,"user/mode":"user","track/lap":0,"track/loc":1}