{"cam/image_array":"267_cam-image_array_.jpg","user/throttle":0.30000001192092898,"user/angle":-0.004928113427013159,"user/mode":"user","track/lap":0,"track/loc":3}