{"cam/image_array":"40_cam-image_array_.jpg","user/throttle":0.30000001192092898,"user/angle":0.007499177474528551,"user/mode":"user","track/lap":0,"track/loc":0}