{"cam/image_array":"67_cam-image_array_.jpg","user/throttle":0.30000001192092898,"user/angle":0.019914330914616586,"user/mode":"user","track/lap":0,"track/loc":0}