{"cam/image_array":"69_cam-image_array_.jpg","user/throttle":0.30000001192092898,"user/angle":0.025917956605553628,"user/mode":"user","track/lap":0,"track/loc":0}