{"cam/image_array":"530_cam-image_array_.jpg","user/throttle":0.30000001192092898,"user/angle":-0.010991085320711136,"user/mode":"user","track/lap":0,"track/loc":6}