{"cam/image_array":"418_cam-image_array_.jpg","user/throttle":0.30000001192092898,"user/angle":-0.05325934290885925,"user/mode":"user","track/lap":0,"track/loc":4}