{"cam/image_array":"104_cam-image_array_.jpg","user/throttle":0.30000001192092898,"user/angle":0.022623402997851373,"user/mode":"user","track/lap":0,"track/loc":1}