{"cam/image_array":"128_cam-image_array_.jpg","user/throttle":0.30000001192092898,"user/angle":-0.028608987107872964,"user/mode":"user","track/lap":0,"track/loc":1}