{"cam/image_array":"517_cam-image_array_.jpg","user/throttle":0.30000001192092898,"user/angle":0.029371364042162896,"user/mode":"user","track/lap":0,"track/loc":6}