{"cam/image_array":"398_cam-image_array_.jpg","user/throttle":0.30000001192092898,"user/angle":-0.10529579222202301,"user/mode":"user","track/lap":0,"track/loc":4}