{"cam/image_array":"430_cam-image_array_.jpg","user/throttle":0.30000001192092898,"user/angle":-0.01201483141630888,"user/mode":"user","track/lap":0,"track/loc":5}