{"cam/image_array":"32_cam-image_array_.jpg","user/throttle":0.30000001192092898,"user/angle":0.002997864270582795,"user/mode":"user","track/lap":0,"track/loc":0}