{"cam/image_array":"107_cam-image_array_.jpg","user/throttle":0.30000001192092898,"user/angle":0.01837225817143917,"user/mode":"user","track/lap":0,"track/loc":1}