{"cam/image_array":"203_cam-image_array_.jpg","user/throttle":0.30000001192092898,"user/angle":-0.12051555514335633,"user/mode":"user","track/lap":0,"track/loc":2}