{"cam/image_array":"42_cam-image_array_.jpg","user/throttle":0.30000001192092898,"user/angle":0.0045284973457455639,"user/mode":"user","track/lap":0,"track/loc":0}