{"cam/image_array":"114_cam-image_array_.jpg","user/throttle":0.30000001192092898,"user/angle":0.004977725446224213,"user/mode":"user","track/lap":0,"track/loc":1}