{"cam/image_array":"332_cam-image_array_.jpg","user/throttle":0.30000001192092898,"user/angle":-0.11675017327070236,"user/mode":"user","track/lap":0,"track/loc":3}