{"cam/image_array":"51_cam-image_array_.jpg","user/throttle":0.30000001192092898,"user/angle":0.014076889492571354,"user/mode":"user","track/lap":0,"track/loc":0}