{"cam/image_array":"36_cam-image_array_.jpg","user/throttle":0.30000001192092898,"user/angle":0.0015495282132178546,"user/mode":"user","track/lap":0,"track/loc":0}