{"cam/image_array":"109_cam-image_array_.jpg","user/throttle":0.30000001192092898,"user/angle":0.014045429416000843,"user/mode":"user","track/lap":0,"track/loc":1}