{"cam/image_array":"464_cam-image_array_.jpg","user/throttle":0.30000001192092898,"user/angle":0.08609666675329209,"user/mode":"user","track/lap":0,"track/loc":5}