{"cam/image_array":"278_cam-image_array_.jpg","user/throttle":0.30000001192092898,"user/angle":-0.004982754122465849,"user/mode":"user","track/lap":0,"track/loc":3}