{"cam/image_array":"257_cam-image_array_.jpg","user/throttle":0.30000001192092898,"user/angle":-0.0016327680787071586,"user/mode":"user","track/lap":0,"track/loc":2}