{"cam/image_array":"12_cam-image_array_.jpg","user/throttle":0.30000001192092898,"user/angle":-0.005084887612611055,"user/mode":"user","track/lap":0,"track/loc":0}