{"cam/image_array":"234_cam-image_array_.jpg","user/throttle":0.30000001192092898,"user/angle":-0.10607105493545532,"user/mode":"user","track/lap":0,"track/loc":2}