{"cam/image_array":"212_cam-image_array_.jpg","user/throttle":0.30000001192092898,"user/angle":-0.13145339488983155,"user/mode":"user","track/lap":0,"track/loc":2}