{"cam/image_array":"146_cam-image_array_.jpg","user/throttle":0.30000001192092898,"user/angle":-0.05656053498387337,"user/mode":"user","track/lap":0,"track/loc":1}