{"cam/image_array":"288_cam-image_array_.jpg","user/throttle":0.30000001192092898,"user/angle":-0.016294162720441819,"user/mode":"user","track/lap":0,"track/loc":3}