{"cam/image_array":"408_cam-image_array_.jpg","user/throttle":0.30000001192092898,"user/angle":-0.09795662760734558,"user/mode":"user","track/lap":0,"track/loc":4}