{"cam/image_array":"312_cam-image_array_.jpg","user/throttle":0.30000001192092898,"user/angle":-0.043898001313209537,"user/mode":"user","track/lap":0,"track/loc":3}