{"cam/image_array":"117_cam-image_array_.jpg","user/throttle":0.30000001192092898,"user/angle":0.013577288016676903,"user/mode":"user","track/lap":0,"track/loc":1}