{"cam/image_array":"531_cam-image_array_.jpg","user/throttle":0.30000001192092898,"user/angle":0.024919776245951654,"user/mode":"user","track/lap":0,"track/loc":6}