{"cam/image_array":"60_cam-image_array_.jpg","user/throttle":0.30000001192092898,"user/angle":0.020387988537549974,"user/mode":"user","track/lap":0,"track/loc":0}