{"cam/image_array":"43_cam-image_array_.jpg","user/throttle":0.30000001192092898,"user/angle":0.008903113193809986,"user/mode":"user","track/lap":0,"track/loc":0}