{"cam/image_array":"26_cam-image_array_.jpg","user/throttle":0.30000001192092898,"user/angle":0.00008138161501847208,"user/mode":"user","track/lap":0,"track/loc":0}