{"cam/image_array":"101_cam-image_array_.jpg","user/throttle":0.30000001192092898,"user/angle":0.017294369637966157,"user/mode":"user","track/lap":0,"track/loc":1}