{"cam/image_array":"78_cam-image_array_.jpg","user/throttle":0.30000001192092898,"user/angle":0.034109458327293399,"user/mode":"user","track/lap":0,"track/loc":0}