{"cam/image_array":"181_cam-image_array_.jpg","user/throttle":0.30000001192092898,"user/angle":-0.056225571781396869,"user/mode":"user","track/lap":0,"track/loc":1}