{"cam/image_array":"46_cam-image_array_.jpg","user/throttle":0.30000001192092898,"user/angle":0.011038853786885739,"user/mode":"user","track/lap":0,"track/loc":0}