{"cam/image_array":"322_cam-image_array_.jpg","user/throttle":0.30000001192092898,"user/angle":-0.045364171266555789,"user/mode":"user","track/lap":0,"track/loc":3}