{"cam/image_array":"301_cam-image_array_.jpg","user/throttle":0.30000001192092898,"user/angle":-0.025567026808857919,"user/mode":"user","track/lap":0,"track/loc":3}