{"cam/image_array":"105_cam-image_array_.jpg","user/throttle":0.30000001192092898,"user/angle":0.03362403064966202,"user/mode":"user","track/lap":0,"track/loc":1}