{"cam/image_array":"118_cam-image_array_.jpg","user/throttle":0.30000001192092898,"user/angle":-0.002091475762426853,"user/mode":"user","track/lap":0,"track/loc":1}