{"cam/image_array":"13_cam-image_array_.jpg","user/throttle":0.30000001192092898,"user/angle":-0.0046303411945700649,"user/mode":"user","track/lap":0,"track/loc":0}