{"cam/image_array":"508_cam-image_array_.jpg","user/throttle":0.30000001192092898,"user/angle":0.056568246334791186,"user/mode":"user","track/lap":0,"track/loc":6}