{"cam/image_array":"75_cam-image_array_.jpg","user/throttle":0.30000001192092898,"user/angle":0.031564876437187198,"user/mode":"user","track/lap":0,"track/loc":0}