{"cam/image_array":"323_cam-image_array_.jpg","user/throttle":0.30000001192092898,"user/angle":-0.05259997397661209,"user/mode":"user","track/lap":0,"track/loc":3}