{"cam/image_array":"343_cam-image_array_.jpg","user/throttle":0.30000001192092898,"user/angle":-0.15068382024765016,"user/mode":"user","track/lap":0,"track/loc":3}