{"cam/image_array":"122_cam-image_array_.jpg","user/throttle":0.30000001192092898,"user/angle":-0.011533225886523724,"user/mode":"user","track/lap":0,"track/loc":1}