{"cam/image_array":"233_cam-image_array_.jpg","user/throttle":0.30000001192092898,"user/angle":-0.08779150992631912,"user/mode":"user","track/lap":0,"track/loc":2}