{"cam/image_array":"244_cam-image_array_.jpg","user/throttle":0.30000001192092898,"user/angle":-0.04942669719457626,"user/mode":"user","track/lap":0,"track/loc":2}