{"cam/image_array":"354_cam-image_array_.jpg","user/throttle":0.30000001192092898,"user/angle":-0.16363166272640229,"user/mode":"user","track/lap":0,"track/loc":4}