{"cam/image_array":"463_cam-image_array_.jpg","user/throttle":0.30000001192092898,"user/angle":0.06777641177177429,"user/mode":"user","track/lap":0,"track/loc":5}