{"cam/image_array":"59_cam-image_array_.jpg","user/throttle":0.30000001192092898,"user/angle":0.019589580595493318,"user/mode":"user","track/lap":0,"track/loc":0}