{"cam/image_array":"190_cam-image_array_.jpg","user/throttle":0.30000001192092898,"user/angle":-0.11157278716564179,"user/mode":"user","track/lap":0,"track/loc":2}