{"cam/image_array":"180_cam-image_array_.jpg","user/throttle":0.30000001192092898,"user/angle":-0.057456038892269137,"user/mode":"user","track/lap":0,"track/loc":1}