{"cam/image_array":"110_cam-image_array_.jpg","user/throttle":0.30000001192092898,"user/angle":0.011850685812532902,"user/mode":"user","track/lap":0,"track/loc":1}