{"cam/image_array":"344_cam-image_array_.jpg","user/throttle":0.30000001192092898,"user/angle":-0.15302182734012605,"user/mode":"user","track/lap":0,"track/loc":3}