{"cam/image_array":"81_cam-image_array_.jpg","user/throttle":0.30000001192092898,"user/angle":0.035815127193927768,"user/mode":"user","track/lap":0,"track/loc":0}