{"cam/image_array":"80_cam-image_array_.jpg","user/throttle":0.30000001192092898,"user/angle":0.029929766431450845,"user/mode":"user","track/lap":0,"track/loc":0}