{"cam/image_array":"112_cam-image_array_.jpg","user/throttle":0.30000001192092898,"user/angle":0.009528566151857376,"user/mode":"user","track/lap":0,"track/loc":1}