{"cam/image_array":"102_cam-image_array_.jpg","user/throttle":0.30000001192092898,"user/angle":0.026636352762579919,"user/mode":"user","track/lap":0,"track/loc":1}