{"cam/image_array":"519_cam-image_array_.jpg","user/throttle":0.30000001192092898,"user/angle":0.04626898467540741,"user/mode":"user","track/lap":0,"track/loc":6}